,index,frequency
0,6,0
1,#,0
2,e,0
3,Y,0
4,),0
5,/,0
6,[,0
7,a,0
8,4,0
9,\,0
10,i,0
11,E,0
12,+,0
13,H,0
14,%,0
15,5,0
16,B,0
17,C,0
18,3,0
19,A,0
20,X,0
21,m,0
22,.,0
23,D,0
24,p,0
25,n,0
26,W,0
27,y,0
28,-,0
29,1,0
30,8,0
31,=,0
32,G,0
33,N,0
34,u,0
35,U,0
36,2,0
37,V,0
38,g,0
39,f,0
40,],0
41,0,0
42,Z,0
43,O,0
44,c,0
45,l,0
46,R,0
47,s,0
48,I,0
49,M,0
50,K,0
51,o,0
52,t,0
53,k,0
54,@,0
55,7,0
56,d,0
57,r,0
58,P,0
59,F,0
60,L,0
61,T,0
62,9,0
63,S,0
64,b,0
65,h,0
66,(,0
67,CC,229
68,O),129805
69,C(,74205
70,CCCC,87
71,cc,65506
72,[C,59212
73,[C@,58969
74,H],56023
75,=O),50460
76,C),43977
77,(O),37547
78,[C@H],31441
79,C(=O),27113
80,C=,26252
81,[C@@,24453
82,c1,2553
83,(C),22214
84,[C@@H],22114
85,CCCCCCCC,64
86,(=O),19261
87,C(O),16763
88,c2,16107
89,(C,14537
90,CCC=,13350
91,C1,831
92,c(,12293
93,C(C),11650
94,c1cc,11470
95,OC,438
96,c(O),9328
97,c3,9036
98,[C@H](O),8615
99,CCC,448
100,CCC=CCC=,8033
101,CO,622
102,[C@H](C,7319
103,C=C,6884
104,P(=O),6398
105,c2cc,6225
106,OC(=O),5903
107,OC(,5657
108,CCCCCC,802
109,OCC,67
110,/C=C,5488
111,C2,323
112,[C@@H](O),5051
113,C(O)C(O),5002
114,[C@@H](,4979
115,P(=O)(O),4690
116,N),4667
117,CC(=O),4648
118,[C@H](,4574
119,[C@H]1,4542
120,CO),4458
121,O[C@H](C,4426
122,[O,4224
123,O=,4197
124,[O-,4116
125,C(=O)O),4059
126,CC(C),3885
127,CC1,597
128,[C@@H]1,3673
129,[O-],356
130,C3,79
131,2),3547
132,c3cc,3401
133,OC(=O)CCCCCCCC,3248
134,[O-]),3238
135,[C@],3075
136,c(O)cc,3064
137,c4,3052
138,NC(=O),3034
139,OC(CO),3009
140,/C=C/,2989
141,cn,2984
142,OP(=O)(O),2981
143,+],248
144,C(=O)N,2794
145,[C@H]2,2756
146,O[C@@H],2742
147,c1cccc,2702
148,[n,2645
149,OC),2633
150,=C,2612
151,)cc,2599
152,O[C@H](CO),2583
153,[N,2505
154,[nH],2406
155,[C@@],2339
156,COc1cc,2331
157,OC(CO)C(O)C(O),2328
158,(C)CC,2225
159,/C=C\,2196
160,([O-]),2136
161,c(O)c(O),2095
162,[C@@H](C,2048
163,[N+],2047
164,CCC2,1981
165,c1),1977
166,C(=O)O,113
167,C(=O)OC,1957
168,c2cccc,1947
169,OC1,1935
170,c(=O),1911
171,3),1905
172,F),1857
173,C(C)(C),1837
174,[C@H]3,1817
175,C4,1809
176,=O,1800
177,c(C,1746
178,CCC=CCC=CCC=CCC=,1740
179,CCCCCC=,1733
180,c(-,1732
181,CCC4,1708
182,P(=O)([O-]),1662
183,c2),1648
184,OC2,1604
185,CC(,1579
186,COP(=O)(O),1538
187,C(C)=O),1537
188,CCCCCCCCCCCCCCCC,1532
189,(C)(C),1521
190,cc(O),1510
191,C1O,1491
192,CC=,1485
193,C[C@H](O),1454
194,CN,1444
195,C5,1438
196,c1n,1436
197,1),1436
198,S(=O),1434
199,CC(O),1426
200,(C(=O)O),1404
201,[N+](C)(C),1399
202,CCCCC,287
203,c1ccc(,1350
204,[C@@H]2,1325
205,CCN,1307
206,c2c(,1295
207,C=C(,1290
208,C2O),1283
209,=C(,1272
210,P(=O)([O-])OCC,1264
211,CCC=CCCCCCCC,1230
212,[C@@H](O)[C@H](O),1223
213,P(=O)([O-])OCC[N+](C)(C),1220
214,c(OC),1196
215,C(C)C),1187
216,C(OC,1180
217,COC(=O),1175
218,C(=,1150
219,S(=O)(=O),1147
220,[C@H](O)[C@H](O),1134
221,O=C(,1124
222,cc(,1111
223,C(=O)OC[C@H](C,1106
224,(CO),1103
225,O=C(O),1101
226,c1O,1077
227,C(C)=C,1064
228,=N,1036
229,c(C),1026
230,CC2,92
231,O[C@],1009
232,O[C@H](COC(=O)CCCCCCCC,1008
233,O[C@@H](,1000
234,NC(C)=O),996
235,O)[C@H](O),993
236,O[C@@H]2,988
237,CCC1,69
238,C=CCCCCCCC,986
239,CCC3,984
240,c5,983
241,4),983
242,CCCC(=O),961
243,cc1,897
244,[C@@H]3,944
245,l),926
246,c4cc,923
247,CCCCCCC,168
248,O[C@@H]1,894
249,[C@@]2,889
250,OP(=O)(O)O),881
251,Cc1cc,870
252,C6,863
253,C/C=C\,863
254,c(N),849
255,C[C@H](O)[C@@H](,847
256,CCCCCCCCC,838
257,C=C(C),838
258,C3O),837
259,c3),835
260,CCC(,831
261,(C(=O)O)C[C@H](O)[C@@H](,831
262,(C(=O)O)C[C@H](O)[C@@H](NC(C)=O),830
263,CCCCCCCC(=O),827
264,c2n,820
265,/C=C(,818
266,[C@@H](C),812
267,(C(=O)O)C[C@H](O)[C@@H](NC(C)=O)C(,807
268,OCC(O),805
269,OC(C),805
270,(C)C3,803
271,OC[C@H](C,799
272,COc1cc(,799
273,CC3,790
274,CCCCCC=CCC=CCC=,789
275,CC(C)=,789
276,CC[C@],788
277,c12,784
278,c3cccc,772
279,OC3,761
280,C1CCC2,758
281,c2ccccc2,753
282,c1ccccc1,423
283,cnc3,729
284,C)COP(=O)(O),724
285,N=,723
286,O[C@H]1,722
287,c2cc(O),718
288,[C@H](C),715
289,[C@H]4,709
290,n2,705
291,C)OC(=O)CCCCCCCC,703
292,[C@@H](CO),698
293,CCCC(C),698
294,c1ccccc1),690
295,CCC=CCCCCC,460
296,c3cc(O),679
297,[C@H]1O,677
298,c1cc(O),669
299,C=C1,658
300,C[C@H](,655
301,(F),655
302,c(N)n,653
303,CCC(C),653
304,CCC(=O),652
305,cc2,643
306,O1,642
307,CC(=O)N,640
308,C1O),634
309,[C@H](O[C@@H],633
310,[C@@H]1O,628
311,CCCN,628
312,/C(C)=C,619
313,l)cc,616
314,3C),615
315,\C),614
316,OP(=O)([O-])OCC[N+](C)(C),612
317,c2ccccc2),609
318,P(=O)([O-])OCC[N+](C)(C)C,607
319,COP(=O)([O-])OCC[N+](C)(C)C,607
320,OP(=O)(O)OCC,605
321,c[nH],604
322,cc3,598
323,12,70
324,n1,315
325,CC1(C),590
326,c(O)cc(O),587
327,CCCCCC(=O),582
328,O[C@H](,581
329,OC[C@H]1,579
330,CCC3(C),579
331,OCCN,578
332,O[C@H](CO)[C@@H](O)[C@H](O),575
333,CC1=,572
334,CC),572
335,OC(=O)CCCC,568
336,CC(=O)O),568
337,C(O)C(O)C1O,566
338,O=C1,565
339,CCC(=O)O),565
340,Cc1,565
341,F)cc,563
342,C7,563
343,CCCCCCCCCCCC,556
344,O3),554
345,C(C)C,552
346,c2ccc(,549
347,CCCCCC=CCC=CCCCCCCC,547
348,C[C@],546
349,OP(=O)(O)OCCN),542
350,c1ccc(O)cc,524
351,OC6,517
352,C(=O)O[C@H](COC(=O)CCCCCCCC,517
353,CC[C@@]2,513
354,OC4,511
355,/C=C(\C),508
356,CS,503
357,[C@H]2O)[C@H](O),501
358,c2c(c1),494
359,OCC1,494
360,O[C@H](CO)[C@@H](,490
361,c2cc(,489
362,c3c(,487
363,CCCCCCCCC=CCCCCCCC,487
364,C6O),487
365,.[,484
366,F)(F),482
367,c2ccc(O)cc,480
368,[C@H]2O),478
369,OC(=O)CCCCCCCC=,474
370,CCC=CCCC,474
371,CCN(,473
372,CC(C)(C),473
373,[C@H](O)[C@H](O)CO),469
374,CCC5,469
375,C(O)=N,469
376,c1cc(,468
377,c(N,465
378,5),465
379,C1=O,461
380,[C@H](O[C@],459
381,[C@@]1,458
382,(C)C),458
383,O[C@H](CO)[C@H](O),454
384,O2),454
385,/C(,454
386,C4O),453
387,N=C(O),448
388,1C,448
389,C[C@@H](O),442
390,O[C@H](CO)[C@@H](O[C@@H]2,439
391,c(O)c(O)c1),437
392,(C(=O)O)C[C@H](O)[C@@H](NC(C)=O)C([C@H](O)[C@H](O)CO),437
393,Nc1n,433
394,=CC(=O),432
395,OC[C@H]1O[C@@H](,431
396,ccc1O,430
397,O[C@@H](CO),430
398,OCC(O)C(O),429
399,c(Cl)cc,426
400,C=C\,421
401,CCNC(=O),416
402,[C@H](N),415
403,O.,415
404,CC[C@H]2,413
405,OP(=O)([O-])OCC[N+](C)(C)C)OC(=O)CCCCCCCC,412
406,OC(CO)C(O)C(O)C2O),411
407,C)COP(=O)([O-])OCC[N+](C)(C)C,411
408,C(F)(F),410
409,O[C@@H]1O[C@H](CO)[C@@H](O[C@@H]2,409
410,OC(CO)C(O)C(O)C3O),407
411,C5CCC4,405
412,OC(C)=O),403
413,(C)C,399
414,C)COP(=O)(O)OCCN,395
415,CCCCCCC=CCCCCCCC,391
416,S(=O)(=O)O),387
417,/C(C)=C/,387
418,c2c1,277
419,C5(C)CC,386
420,2c(,386
421,O[C@H](CO)[C@H](O)[C@H](O),385
422,C[C@H]1,383
423,c(O)c(O)c2),381
424,OC(CO)C(O),379
425,[C@H](O)[C@@H](CO),378
426,O[C@@H](CO)COC(=O),378
427,S),377
428,c2ccc(O)cc2),374
429,Br,372
430,OC2OC(CO)C(O)C(O)C2O),371
431,N=C(,366
432,CC=C,366
433,c3ccccc3,362
434,OC(C,362
435,O3)[C@H]2O)[C@H](O),362
436,[C@H](O[C@]3,361
437,[C@H](O)[C@@H](CO)O[C@],361
438,C7O),361
439,C[C@@H]1,360
440,(C(=O)O)C[C@H](O)[C@@H](NC(C)=O)C([C@H](O)[C@@H](CO)O[C@],360
441,CCC4C5(C)CC,359
442,O4),356
443,C/C=C\C/C=C\,356
444,OC(C(=O)O),355
445,CCCCCCCCCCCCCC,355
446,O[C@H]1C(O)C(O),352
447,N1,140
448,CCC12,348
449,CN1,347
450,c4),345
451,c(=O)[nH],345
452,[C@@H](O)[C@@H]1O,345
453,C(=N),345
454,c2[nH],344
455,4(C),344
456,N)=O),341
457,OC1OC(CO)C(O)C(O),340
458,COC1,340
459,co,337
460,n2cnc3,336
461,[C@@H]4,335
462,O[C@H]2,335
463,c(O)c(OC),334
464,c(-c3cc,334
465,[C@H](O[C@@H]3,332
466,OCC1OC(,332
467,O3)[C@H]2O)[C@H](O)[C@H]1,332
468,C(O)C(C)(C),332
469,cnc32),331
470,C(C)CCC=,330
471,C(CO),327
472,/C(=C,326
473,c1ccc(O)c(O)c1),323
474,C(=O)N[C@@H](C,323
475,[C@H]4O),322
476,CCCCCCCCCCCCCCC,54
477,C[C@@H](,322
478,c(Cl),320
479,OC[C@@H](O),317
480,(C)C4,317
481,c3c(=O),315
482,CCOC(=O),315
483,CC(C)C),313
484,OC(C)C(O)C(O),312
485,OP(=O)([O-]),312
486,c2cc3,311
487,O2,311
488,CCC=CCCCCC),311
489,C1=,311
490,OP(=O)(O)OCCN)OC(=O)CCCCCCCC,309
491,CCC=CCC=CCC=CCC=CCC=CCC=,309
492,COc1,306
493,C1CCC2C3,306
494,c6,305
495,C5CCC43C),305
496,c(O)c(,304
497,O[C@@H]1O[C@H](CO)[C@@H](O[C@@H]2O[C@H](CO),304
498,C(C,304
499,c(N)ncnc32),302
500,C(=O)N[C@@H](,302
501,c1cccc(,301
502,[C@H]3O),300
503,[N+](=O),299
504,n2cnc3c(N)ncnc32),298
505,C(OC7,298
506,2)cc1,297
507,c(O)c(O)c1,296
508,/C=C/C(C)=C,296
509,N2,294
510,c3c2,293
511,C12,108
512,O[C@@H]1O[C@H](CO)[C@@H](O[C@@H]2O[C@H](CO)[C@H](O[C@@H]3,292
513,o+],291
514,\C=C\,290
515,[o+],290
516,CCC=CCC=CCC=CCC=CCC=CCC=CCCC(=O),288
517,CC[C@@],288
518,CCC(O),288
519,O)OC(=O)CCCCCCCC,286
520,c1ccc(O)cc1),285
521,CC/C=C(\C),285
522,C2O)C(O)C(O)C1O,285
523,C2),285
524,c2o,284
525,=CCC=CCC=,284
526,CCS,283
527,O=c1,281
528,C/C=C/,281
529,/C),280
530,C(OC3,279
531,1C),279
532,OP(=O)(O)OP(=O)(O),278
533,+2,277
534,cn2,276
535,CC(=O)O,276
536,O5),275
537,[C@@H](OP(=O)(O)O),274
538,C[C@]12,273
539,cs,271
540,CC1OC(,270
541,)cc1,270
542,cc4,269
543,CCC=CCC=CCC=CCCCCCCC,269
544,C(=O)N1,269
545,Oc1cc,267
546,C(OC6,267
547,C#,267
548,CCCCCCCC(=O)OC[C@H](C,265
549,].,264
550,(C(=O),263
551,c3n,262
552,C5CCC43C)C2,262
553,[Na,259
554,C(C)CCC=C(C)CCC=,258
555,CC(C)=O),257
556,C(=O)OC2,257
557,OCC2,255
558,cc(-,252
559,c21,252
560,c(O)c(O)c3),252
561,c(-c2cc,252
562,OC5,252
563,O=P,252
564,[O-].,251
565,CCCCCC=CCC=CCC=CCC=CCCC,251
566,CC#,251
567,(C)C1,249
568,(C2,249
569,c3ccccc3),248
570,[C@@H]2O),248
571,C=C(C)/C=C/,247
572,(Cl),246
573,C(=O)OC[C@H](COP(=O)(O),245
574,C(=CCC4C5(C)CC,245
575,C=O),244
576,c5cc,243
577,cc(OC),242
578,[N+](=O)[O-]),242
579,OCC(C,242
580,CC=C(C)C),242
581,O[C@H](CO,241
582,c3cc(,240
583,[C@H](O[C@]3(C(=O)O)C[C@H](O)[C@@H](NC(C)=O)C([C@H](O)[C@@H](CO)O[C@],240
584,[C@H](O[C@]3(C(=O)O)C[C@H](O)[C@@H](NC(C)=O)C([C@H](O)[C@@H](CO)O[C@]4,240
585,CCc1,240
586,c3cc(O)cc(O),237
587,[C@H]3CC(C)=O),237
588,[C@@H](O)[C@H](C,237
589,O[C@H]1C(O)C(O)C(O),236
590,CC/C=C\,236
591,OC(CO)C(O)C(O)C4O),234
592,O=C([O-]),234
593,CC1CCC2,234
594,OC[C@H]1O[C@@H](n2cnc3c(N)ncnc32),233
595,NC(=O)[C@H](,233
596,[C@H]1CC[C@H]2,231
597,O4)O3)[C@H]2O)[C@H](O)[C@H]1,230
598,c4cc(O),229
599,NC(,229
600,Cn1,229
601,C5O),228
602,c4ccc(O)cc,227
603,O[C@H](CO)[C@@H](O),227
604,CCC=CCC=CCC=CCC=CCC=CCCCCC,227
605,ccc1,226
606,COc1ccc(,226
607,C=CCC=CCC=,225
608,C(OC(=O),225
609,Cc1ccc(,225
610,[C@H](O)[C@@H](O),224
611,[C@H](O[C@@H]4,223
612,OC(=O)CCCC=CCC=CCC=,223
613,CCC(=O)N,222
614,4(C)[C@H]3,222
615,C(=O)OC[C@H](COP(=O)([O-])OCC[N+](C)(C)C)OC(=O)CCCCCCCC,221
616,(C)C(,221
617,c3ccc(,220
618,[S,220
619,O[C@@H]3,220
620,COc1cc(-,220
621,OC3OC(CO)C(O)C(O)C3O),219
622,N[C@@H](C,219
623,Cl,91
624,CCCC(C)=,217
625,CC4,217
626,cnc2,216
627,CC12,65
628,c4cccc,215
629,c4c(,215
630,O=C(/C=C/,215
631,O)NC(=O),214
632,CC(=O)OC1,214
633,nc(,213
634,Cl),213
635,OP(=O)(O)O,212
636,=CCCCCCCCC,212
637,3)cc,212
638,CC2),211
639,C6OC6,211
640,C(=N)N),211
641,Cc1n,211
642,Br),211
643,5(C(=O)O)C[C@H](O)[C@@H](NC(C)=O)C([C@H](O)[C@H](O)CO),210
644,5(C(=O)O)C[C@H](O)[C@@H](NC(C)=O)C([C@H](O)[C@H](O)CO)O5),210
645,n(,209
646,c(O)cc3),208
647,C1(C)CC,207
648,CC/C(C)=C/,206
649,[C@@H](N),204
650,CC(C)=CCC,204
651,cc2),203
652,c1cc(O)c(O)c(O)c1,203
653,c(=O)o,203
654,O[C@H](CO)[C@H](O)[C@H](O[C@@H]4,203
655,COc1cc(/C=C/,203
656,CCC4(C)C3,203
657,C(O)C1O,203
658,OC7,202
659,SS,201
660,OS(=O)(=O)O),201
661,CC1=C(,201
662,CCOCC,201
663,C(=O)O[C@@H](CO)COC(=O),201
664,CNC(=O),201
665,c23),200
666,/C=C(/C),200
667,OP(=O)([O-])OCC[N+](C)(C)C),199
668,CCCCC/C=C\,199
669,CCCCCCCCCCCCCC=C,197
670,CC3C4,197
671,](=O),196
672,I),196
673,CCCCCCCCCCCCCC=C[C@@H](O)[C@H](C,196
674,CCCCCC=CCC=CCC=CCC=CCC=,195
675,CCC=CCC=CCC=CCC=CCC=CCCC,195
676,3(C),195
677,CCC12C,194
678,C=O,194
679,C5CCC43C)C2C1,194
680,c[nH]c2cccc,193
681,C(F)(F)F),193
682,(O)(O),193
683,COc1cc(O),192
684,o1,191
685,c1ccc(O)cc1,191
686,O[C@@H]1O[C@H](CO)[C@@H](O[C@@H]2O[C@H](CO)[C@H](O[C@@H]3O[C@H](CO)[C@H](O)[C@H](O[C@@H]4,191
687,(C=O),191
688,c2ccc(O)c(O)c2),190
689,O.O.,190
690,CCC3(C)C(=CCC4C5(C)CC,190
691,Oc2cc(O),189
692,CC=C4,189
693,n3,188
694,[C@H](O)[C@@H]1,188
695,[C@H]5,188
696,c12),186
697,/C(=C\,185
698,=CCCCCCCC,184
699,OC(CO)C(O)C(O)C6O),183
700,(C)CC(O),183
701,c1ncn2,182
702,N(,181
703,C2=,181
704,c4c3,180
705,CC(C)(O),180
706,c2O),179
707,OC4OC(CO)C(O)C(O)C4O),179
708,OC1OC(CO)C(O)C(O)C1O,179
709,O=S(=O),179
710,COP(=O)(O)OCCN,179
711,c1=O,178
712,c(C2,178
713,[n+],178
714,c1cn,176
715,c(OC)c(OC),176
716,CC[C@]4(C)[C@H]3,176
717,n2),175
718,c1O),175
719,CCCC1,82
720,cc1),174
721,SCCNC(=O),174
722,2c(cc1,174
723,SCCNC(=O)CCNC(=O),173
724,c(O)cc3,172
725,c2)cc,171
726,CCCCCC=CCC=CCC=CCC=CCC=CCCC(=O),171
727,CC[C@H]3,171
728,[P,170
729,CCC=CCC=CCC=CCC=CCCCCC(=O),170
730,CC[C@@H]1,170
731,C(=O)OC[C@H](CO)OC(=O)CCCCCCCC,170
732,+2],170
733,c2-,169
734,[C@H]4O)[C@H]3CC(C)=O),169
735,OC[C@H]1O[C@@H](n2cnc3c(N)ncnc32)[C@H](O)[C@@H]1,169
736,O)[C@H](O)CCCCCCCCCCCCCCC,169
737,CCC5(C)C4,169
738,C(O)C(C),169
739,C[C@H]2,169
740,(=O)=O),169
741,(N),169
742,c1C,168
743,].[,168
744,N[C@@H](,168
745,[C@@]1(C)CC,167
746,C2=O,167
747,CCCC(C)=CCCC(C)=,166
748,CC(=O)[O-]),166
749,C3=,166
750,OC(C)(C),165
751,CC[C@@]21C,165
752,C=CC,165
753,C(=O)OC[C@H](COP(=O)(O)OCCN)OC(=O)CCCCCCCC,165
754,COP(=O)(O)OP(=O)(O),164
755,CN(C),164
756,N(C),162
757,CCC4=CC(=O),162
758,CC(OC6,162
759,C(OC4,162
760,[C@]1,161
761,CCCCCCCCCCC,161
762,CC1(C)CCC2,161
763,OC(CO)C(O)C(O)C7O),160
764,O=P(O)(O),160
765,CCCCCCCCCCCCC,160
766,CCCC2,160
767,CC[C@H](,160
768,C/,160
769,#N),160
770,Nc1cc,159
771,NS(=O)(=O),159
772,CN(,159
773,c1cccc2,158
774,[C@@H](COC(=O)CCCCCCCC=,158
775,N=C(N),158
776,+3,158
777,C1),157
778,c4ccc(O)cc4),156
779,cn(,155
780,[NH,154
781,OC(C)=O,154
782,N#,154
783,C(OP(=O)(O)O),154
784,COP(=O)(O)O,153
785,C(C)(O),153
786,oc(=O),152
787,c2c(=O),152
788,C(O)C(O)C2O),152
789,C(OC2,152
790,cnc2c1ncn2,151
791,cc(C),151
792,O[C@H]3,151
793,C8,151
794,n4,150
795,c1c(,150
796,O[C@H](C(=O)O),150
797,C(OC6OC(C(=O)O),150
798,C(C)(C)O),150
799,C(=O)N2,150
800,oc2cc(O),149
801,[C@@H](O)[C@H]1O,149
802,N3,149
803,CCCCCCC)COP(=O)(O),149
804,CCCC(=O)O,149
805,cc(O)c(O),148
806,c1ccc2c(c1),148
807,CC1OC(OC2,148
808,CC[C@@H](C),148
809,[C@@](C),147
810,CCC[C@H]1,147
811,CC[C@@H]2,147
812,CCO,96
813,CCCCCCCC(=O)O[C@H](COC(=O)CCCCCCCC,146
814,C(=O)O)C(=O)O,146
815,CC[C@]2,145
816,CC/C=C(\C)CC/C=C(\C),145
817,C1CCC2(C)C3,145
818,cc1O,144
819,[nH]c(,144
820,[Na+],144
821,C(O)C1,144
822,=C(O),144
823,(OC1,144
824,c3cc4,143
825,CCCCCCCCCCCCCCCC(=O),143
826,c3-,142
827,[P@,142
828,NCC,142
829,CC[C@@]21C),142
830,C3),142
831,c1cc(-,141
832,[C@]2,141
833,COc1cc2,141
834,CCCN1,141
835,CCCCCC=CCC=CCC=CCC=CCCCCC,141
836,CCCCC=CCCCCCCC,141
837,C1O)OC(=O)CCCCCCCC,141
838,C(N),141
839,cccc,140
840,NC(=O)[C@H](C,140
841,C=C(C)\C=C\,140
842,43C),140
843,O1),139
844,C1C2,139
845,c(O)c(O)c4),138
846,CCCCCC),138
847,=N),138
848,c2ccccc21,137
849,CCCCCCCCCC,137
850,CC=CCCCCCC,137
851,C1=C,137
852,C(O)C2O),136
853,C(=O)OC[C@H](COP(=O)(O)OCCN),136
854,cc(O)c12,135
855,c(O)cc2,135
856,[C@@]3,135
857,O[C@@H]4,135
858,OC[C@H](COP(=O)([O-])OCC[N+](C)(C)C)OC(=O)CCCCCCCC,135
859,C(=O)C(,135
860,Cc1ccccc1,72
861,(Cl)cc,135
862,o2),134
863,c2cc(O)c(O)c(O)c2),134
864,[O-].[,134
865,C3(C)CC,134
866,cnc5,133
867,OC1OC(CO)C(O)C(O)C1O),133
868,OC(CO)C(O)C(O)C1O,133
869,OC[C@H]2,133
870,CC[C@@H]3,133
871,C[C@H]3,133
872,s1,132
873,c2cc1,132
874,O[C@H]1C(O)C(O)C(O)[C@@H](O),132
875,OCC2OC(,132
876,CCC12C),132
877,CCc1cc,132
878,C=C2,132
879,c2c(O)cc(O),131
880,[C@H](N)C(=O)O,131
881,OCCOCC,131
882,Cc1cc(,131
883,CCCN2,131
884,C(OP(=O)(O)O)[C@@H](OP(=O)(O)O),131
885,(C(=O)OC,131
886,c3c2=O),130
887,c1c(O)cc(O),130
888,CC=C(C),130
889,CC1),130
890,/N,130
891,c3cc2,129
892,CCCCCC=CCC=CCCCCCCCCCCC,129
893,C[C@@H]2,129
894,+].,129
895,(O)(,129
896,c(O)c1,95
897,CCCCCCCCCCCCCCCCCC(=O),128
898,CC5,128
899,=CCC=CCCCCC,128
900,[C@H]1CC[C@H]2[C@@H]3,127
901,[C@H](O)C(C)(C),127
902,Oc2,127
903,C[C@H](N),127
904,C(=O)OC1,127
905,c3ccc(O)cc3),126
906,Fe,126
907,CCCCCC=CCC=CCC=CCCCCC(=O),126
908,CCCCC1,126
909,/C=C/C=C(C)/C=C/,125
910,c3c(O)cc,124
911,c2=O),124
912,C=CCCCCCCCCCCCCCCC,124
913,O[C@@H](C),123
914,CCCCCCC=CCCCCCCCCC,123
915,C(N)=O),123
916,(OC),123
917,c3c(=O)c2,122
918,CCC/C=C\,122
919,C(O)C2,122
920,=S),122
921,nn,121
922,c4cc(O)cc(O),121
923,c(C=O),121
924,Oc1cc(O),121
925,C(=O)N[C@H](,121
926,[C@H]4O)[C@H]3CC(C)=O)[C@H](O[C@]3(C(=O)O)C[C@H](O)[C@@H](NC(C)=O)C([C@H](O)[C@@H](CO)O[C@]4,120
927,OC1CC3C4,120
928,OC(CO)C(O)C(O)C5O),120
929,C1(C),120
930,5(C(=O)O)C[C@H](O)[C@@H](NC(C)=O)C([C@H](O)[C@H](O)CO)O5)O4)O3)[C@H]2O)[C@H](O)[C@H]1,120
931,(C(=O)O)C[C@H](O)[C@@H](NC(C)=O)C([C@H](O)[C@@H](CO)O[C@]5(C(=O)O)C[C@H](O)[C@@H](NC(C)=O)C([C@H](O)[C@H](O)CO)O5)O4)O3)[C@H]2O)[C@H](O)[C@H]1,120
932,](=O)(O),119
933,Nc1ncnc2c1ncn2,119
934,CC[C@H]4,119
935,C(OC(C)=O),119
936,Oc1ccc(,118
937,CCCNC(=N)N),118
938,C2=O),118
939,C(C)=O,118
940,O[C@H](COC(=O)CCCC,117
941,OC(COC(=O),117
942,O=C(N,117
943,NC1=O,117
944,CCCCCCCCC=CCCCCCCCCCCCCC,117
945,CC(C)(,117
946,C1CC,117
947,c(C3,116
948,O[C@H](C(=O)O)[C@@H](O)[C@H](O),116
949,COc1ccc(-,116
950,[C@@H]3O),115
951,O[C@H]1C(O)C(O)C(OP(=O)(O)O)[C@@H](OP(=O)(O)O),115
952,OC(=O)/C=C/,115
953,CC[C@]12,115
954,CCN1,115
955,CC23,115
956,CCO),115
957,/C=C/C=C/,115
958,ccn,114
959,c(=O)[nH]1,114
960,[C@H](N)C(=O)O),114
961,[C@@]1(O),114
962,CC=CCCCCCCCC,114
963,C6OC6OC(CO)C(O)C(O)C6O),114
964,C(O)CC1,114
965,ccc3,113
966,Oc3,113
967,COP(=O)(O)OP(=O)(O)OC[C@H]1O[C@@H](n2cnc3c(N)ncnc32)[C@H](O)[C@@H]1,113
968,CCC(=O)O[C@H](COC(=O)CCCCCCCC,113
969,CC1=C(C),113
970,CC(C)=CCc1,113
971,C8O),113
972,C2(C),113
973,C(C)(C)C),113
974,OCO,112
975,CCCCCCCCC=CCC=CCC=,112
976,CCCCCCCCC=CCC=CCC=CCCC,112
977,C23,112
978,/C(C)=C\,112
979,c1-,111
980,OC=CCCCCCCC,111
981,CCCCN),111
982,CCC5(C)C4CCC3(C),111
983,oc3,110
984,cc5,110
985,c-,110
986,SCCNC(=O)CCNC(=O)C(O)C(C)(C),110
987,C(=O)N1CCC[C@H]1,110
988,4(C)C3,110
989,(C(=O)O)C[C@H](O)[C@@H](NC(C)=O)C([C@H](O)[C@H](O)CO)O4)O3)[C@H]2O)[C@H](O)[C@H]1,110
990,c4ccc(O)c(O)c4),109
991,COP(=O)(O)OC,109
992,CC[C@@]2(C),109
993,CCCCCCC)OC(=O)CCCCCCCC,109
994,C(C)=,109
995,-],62
996,c1ccc(-,108
997,c(C(=O)O),108
998,Oc2cc3,108
999,N(C)C),108
1000,CCC=CCC=CCC=CCC=CCCCCCCC(=O)OC[C@H](C,108
1001,C(C(=O)O),108
1002,[C@H](O[C@]3(C(=O)O)C[C@H](O)[C@@H](NC(C)=O)C([C@H](O)[C@H](O)CO),107
1003,OCC1OC(OC2,107
1004,OC(O),107
1005,CCCCCCCCC)OC(=O)CCCCCCCC,107
1006,CCC=CCC=CCC=CCC=CCC=CCC=CCCC(=O)OC[C@H](C,107
1007,C7OC7,107
1008,/C(=C/,107
1009,cc(C,106
1010,c1c(C),106
1011,c7,106
1012,[C@H](O)[C@@H](O)[C@@H]1O,106
1013,NCCC,106
1014,CC(C,106
1015,C(=O)OCC(C,106
1016,(OC1),106
1017,cc3),105
1018,[C@@H](NC(=O),105
1019,NCCCC,105
1020,CC(C)=CCCC(C),105
1021,C/C(=C\,105
1022,c(O)cc(O)cc3,104
1023,O[C@H]1C(O)C(O)C(O)[C@@H](OP(=O)(O)O),104
1024,C=CC(=O),104
1025,C(=O)[O-],104
1026,OC(=O)CCCCCCCC=CCCCCCCCC,103
1027,CC[C@H]2[C@@H]3,103
1028,CC(C)(C,103
1029,C1C2C,103
1030,c3O),102
1031,[Na+].,102
1032,CCCCCCC)COP(=O)([O-])OCC[N+](C)(C)C,102
1033,CC(=O)OCC,102
1034,CC(N),102
1035,C(O)=N[C@@H](,102
1036,C(=C),102
1037,c2[nH]1,101
1038,[N+](C)(C)C,101
1039,[C@H]6,101
1040,[C@@H](COC(=O)CCCCCCCC,101
1041,O[C@@H]1O[C@H](CO)[C@@H](O[C@@H]2O[C@H](CO)[C@H](O[C@@H]3O[C@H](CO)[C@H](O)[C@H](O[C@@H]4O[C@H](CO)[C@H](O)[C@H](O),101
1042,O[C@@H]1O[C@H](CO)[C@@H](O[C@@H]2O[C@H](CO)[C@H](O[C@@H]3O[C@H](CO)[C@H](O)[C@H](O),101
1043,CCCCCCCCC=CCCCCCCCCCCC,101
1044,C=CC(C)(C),101
1045,C(O)CC2,101
1046,C(CO)OC(,101
1047,C(=O)[O-]),101
1048,Br)cc,101
1049,4)cc,101
1050,[C@@]12,100
1051,[C@@H](O)[C@@H](O),100
1052,O=C(/C=C/c1ccc(O)cc1),100
1053,CCC2(C),100
1054,C=CCCCCCCCCCCCCC,100
1055,C(OC8,100
1056,C(=N,100
1057,(OC1)OC1CC3C4,100
1058,Oc2cc,99
1059,CC[C@]4(C)C3,99
1060,CCC6,99
1061,CC1(O),99
1062,C(F)(F)F)cc,99
1063,c1cc2,98
1064,[C@H](O[C@]3(C(=O)O)C[C@H](O)[C@@H](NC(C)=O)C([C@H](O)[C@H](O)CO)O3)[C@H]2O)[C@H](O)[C@H]1,98
1065,O[C@H](CO)[C@H](O)[C@H](O[C@],98
1066,O[C@H](CO)[C@@H](O)[C@H](O)[C@H]2O),98
1067,CC1=CC(=O),98
1068,C1C,98
1069,=CC(C),98
1070,O[C@H](CO)[C@@H](O)[C@H](O)[C@H]3O),97
1071,NC(=O)C(,97
1072,CCC[C@@H](C),97
1073,CC[C@@H]4,97
1074,C2C3,97
1075,C(C)(CO),97
1076,C(=O)OCC,97
1077,c[nH]c2ccccc12),96
1078,c(-c4ccc(O)cc4),96
1079,[P@@,96
1080,O[C@H](COC=CCCCCCCC,96
1081,C(C)CCC=C(C)CCC=C(C)CCC=C(C)CCC=,96
1082,2)CC1,96
1083,cn1,95
1084,c3ccc(O)c(O)c3),95
1085,c2ccc(Cl)cc,95
1086,OCC(O)COP(=O)(O)OC,95
1087,OC(CO)C(OC7,95
1088,O)NC(=O)CCCCCCCCCCCCCCCC,95
1089,CCCCCCCCC)COP(=O)(O),95
1090,CCCCCCC)COP(=O)(O)OCCN,95
1091,CCCC(C)CCCC(C),95
1092,CCC=C(C)C),95
1093,CC1(C)CC,95
1094,CC/C(C)=C/CC/C(C)=C/,95
1095,CC(C)=CCC/C(C)=C/,95
1096,/C=C/C(=O),95
1097,n(C),94
1098,co1,94
1099,c3cc(O)c(O)c(O)c3),94
1100,c3c(c2),94
1101,c1cccc(O),94
1102,c1OC,94
1103,c(F),94
1104,[C@@H](O)C,94
1105,[Ca,94
1106,OCC3,94
1107,CCCC(C)(C),94
1108,CC1CCC2(OC1)OC1CC3C4,94
1109,CCC(=O)O,94
1110,C6O)C(C)(C),94
1111,C(O)C(O)C3O),94
1112,43C)[C@@H]1,94
1113,/C=C/C(C)=C/C=C/C(C)=C,94
1114,c1cc(O)c(O)c(O)c1),93
1115,[C@@H](O)[C@H]2O),93
1116,O=c1cc(-,93
1117,COc1cc2c(cc1,93
1118,COP(=O)(O)OP(=O)(O)OC[C@H]1O[C@@H](n2cnc3c(N)ncnc32)[C@H](O)[C@@H]1OP(=O)(O)O,93
1119,CC[C@H]1,93
1120,C1(O),93
1121,-].,93
1122,OC[C@H]2O[C@@H](,92
1123,OCO2,92
1124,CCCCCC(O),92
1125,C1CCC2(C)C1,92
1126,(CC),92
1127,c2cccc(,91
1128,[C@H]5O),91
1129,[C@H](CO),91
1130,O=S(=O)(O),91
1131,Cc1cc(O),91
1132,CCCCCCCCC)COP(=O)(O)OCCN,91
1133,CC=C5,91
1134,CC(=O)O)C(=O)O,91
1135,CC(N)=O),91
1136,(C(=O)OC3,91
1137,c(C(=O),90
1138,[C@@H]1O[C@H](C,90
1139,O[C@H](CO)[C@H](O)[C@H](O[C@]5(C(=O)O)C[C@H](O)[C@@H](NC(C)=O)C([C@H](O)[C@H](O)CO)O5),90
1140,O[C@H](CO)[C@@H](O)[C@H](O)[C@H]1O,90
1141,O[C@@H]1O[C@H](CO)[C@@H](O[C@@H]2O[C@H](CO)[C@H](O[C@@H]3O[C@H](CO)[C@H](O)[C@H](O[C@@H]4O[C@H](CO)[C@H](O)[C@H](O[C@]5(C(=O)O)C[C@H](O)[C@@H](NC(C)=O)C([C@H](O)[C@H](O)CO)O5),90
1142,O[C@@H]1O[C@H](CO)[C@@H](O[C@@H]2O[C@H](CO)[C@H](O),90
1143,O[C@@H]5,90
1144,Mg,90
1145,C=C1CC23,90
1146,cc(OC)c1O,89
1147,c2[o+],89
1148,c1ccc(Cl)cc,89
1149,c(=O)c2,89
1150,[C@]3,89
1151,S(C),89
1152,OC5OC(CO)C(O)C(O)C5O),89
1153,OS(=O)(=O),89
1154,COC(,89
1155,CC[C@]4(C)[C@H]3CC[C@@]21C,89
1156,CC(=O)N[C@H]1,89
1157,CC3),89
1158,C1=N,89
1159,oc2cc(O)cc(O)c12,88
1160,cc1OC,88
1161,c2n1,57
1162,[O-2,88
1163,[N+]([O-]),88
1164,Oc1cc(O)c2c(c1),88
1165,CCCCCCCC/C=C\,88
1166,CCCCCC=CCC=CCC=CCCCCCCC(=O)OC[C@H](C,88
1167,CCC=C(C)C,88
1168,CCC(C(O),88
1169,CC3(C),88
1170,CC/C=C/,88
1171,C1OC1,88
1172,C(C)C2,88
1173,C(=O)C(C)(C),88
1174,6),88
1175,(C)CC3,88
1176,c3cc4c(,87
1177,c1cccn,87
1178,OC1=O,87
1179,C[C@]12CC[C@H]3,87
1180,S(N),86
1181,NC(=O)N,86
1182,COc1cc(C2,86
1183,CCN(CC),86
1184,CCCCCCCCCCCCCCCCCCCCCCCC,86
1185,C(O)CC1C3(C)CC,86
1186,ncn,85
1187,c2ccc(O)cc2,85
1188,c1ccc(C,85
1189,OC(CO)C(O)C(O)C4,85
1190,CCCCCCCCC)COP(=O)([O-])OCC[N+](C)(C)C,85
1191,CCC4C(C),85
1192,CC#CC#,85
1193,=C(C(=O),85
1194,c4ccccc4,84
1195,[OH,84
1196,[C@H]1O),84
1197,Oc2c(-c3cc,84
1198,O[C@@H]2O[C@H](CO)[C@@H](O)[C@H](O)[C@H]2O),84
1199,OC[C@H](COP(=O)(O)OCCN)OC(=O)CCCCCCCC,84
1200,O)[C@H](O)C=CCCCCCCCCCCCCC,84
1201,CC(O)CCC4(C)C3,84
1202,CCC),84
1203,(=O)c3,84
1204,%1,84
1205,oc2,83
1206,c[nH]c2ccccc12,83
1207,c4c3=O),83
1208,S(N)(=O)=O),83
1209,O[C@H](c1ccc(O)c(O)c1),83
1210,OC[C@@H](O)CO,83
1211,O=[N+]([O-]),83
1212,Nc1ccc(,83
1213,CO[C@@H]1,83
1214,CC(C)C(C),83
1215,C(O)C6O),83
1216,=CCC=CCCCCC),83
1217,([O-])([O-]),83
1218,c3cc(O)c(O)c(O),82
1219,c2cn,82
1220,c2c[nH],82
1221,].[O-2,82
1222,[C@](C),82
1223,[C@@H]2O[C@H](C,82
1224,[C@@H](COC(=O)CCCCCCCC=CCC=CCCCCC),82
1225,OP(=O)([O-])[O-]),82
1226,OC[C@H]3,82
1227,O=c1c(,82
1228,COc1cc(/C=C/C(=O),82
1229,CCCCCC=CCCCCCCCC,82
1230,CCC(N)=O),82
1231,CCC/C=C/,82
1232,CC(=O)N[C@@H](C,82
1233,C=C(C)C1,82
1234,C1CCC2(C)C1C(O)CC1C3(C)CC,82
1235,C(=O)OC(,82
1236,C/C=C(\C),82
1237,(c1ccccc1),82
1238,n4cnc5,81
1239,c3cc(OC),81
1240,c2ncc,81
1241,[C@]1(C),81
1242,[C@H](NC(=O),81
1243,CCCCCCCCCC(=O),81
1244,CC/C=C\C/C=C\C/C=C\,81
1245,CC(OC6OC(CO)C(OC7,81
1246,CC[C@H](C),81
1247,C1(C)C,81
1248,C(OC3OC(CO)C(O)C(O)C3O),81
1249,C(=O)OC[C@H](CO),81
1250,=C/,81
1251,ccc2,80
1252,c2cc(OC),80
1253,[o+]c2-,80
1254,P(=O)(O)O),80
1255,OC(=O)CCCCCCCC=CCC=CCCCCC,80
1256,C[C@]12CC[C@H]3[C@@H](,80
1257,C[C@@H]1O[C@@H](,80
1258,COP(=O)([O-]),80
1259,C(O)C3O),80
1260,C(CC),80
1261,cnc4,79
1262,c5c(,79
1263,c1c(O)cc(O)c2c1,79
1264,c(CCC(=O)O),79
1265,O=C(OC1,79
1266,C(C)C1CCC2C3,79
1267,c6cc,78
1268,c2ccc(F)cc,78
1269,c(O)n,78
1270,[nH]2),78
1271,Cc1cn,78
1272,CCCCC/C=C\C/C=C\C/C=C\,78
1273,C(O)C2O)C(O)C(O)C1O,78
1274,C(=O)O[C@H](COC(=O)CCCCCCCCCC=,78
1275,Al,78
1276,(C(=O)O)CCC3(C)C(=CCC4C5(C)CC,78
1277,c3cc(O)cc(O)c3c2=O),77
1278,c2ccccc2)cc1,77
1279,c1OC),77
1280,OC(=O)CCCC=CCC=CCC=CCCCCCCCC,77
1281,N=C1,77
1282,CC(O)=N,77
1283,C1=C(C),77
1284,C(=O)O[C@@H](CO)COC(=O)CCCCCCCC,77
1285,C[C@@H](C),77
1286,C/C=C(/C),77
1287,4C),77
1288,nc(N,76
1289,c2cc(O)c(O)c(O),76
1290,[C@@]21C,76
1291,Oc2cc(O)c3c(=O),76
1292,OCC(O)C(O)C3O),76
1293,Oc3cc(O),76
1294,COc1cc(-c2[o+],76
1295,CN2,76
1296,=C(C),76
1297,c(O)c(OC)c1,75
1298,[C@@H](O)[C@H](O)[C@H](O),75
1299,[C@@H](CO)O[C@@H](,75
1300,[C@@H]5,75
1301,C[C@H]3O,75
1302,C[C@H](CCC(=O)O),75
1303,CC[C@@]43C)[C@@H]1,75
1304,CC35,75
1305,[C@@]1(C),74
1306,OC(CO)C(O)C2O)C(O)C(O)C1O,74
1307,CCCCCCCCCCCCCCCCCCCCCC(=O),74
1308,CCCCCC=CCC=CCCCCCCCCC,74
1309,CC1(C)C,74
1310,=C1,74
1311,2C),74
1312,1)N,74
1313,/N=C(,74
1314,n2cc,73
1315,c3cc(O)c(O)c(O)c3-,73
1316,c(C)n,73
1317,c(F)cc,73
1318,[P@@](=O)(O),73
1319,[Cl,73
1320,OC(COC2,73
1321,N=C(O)[C@H](,73
1322,COc1ccc(C2,73
1323,CCCCC[C@H](O),73
1324,CCCCC(=O)O,73
1325,CC[C@H](O),73
1326,CC/C=C(/C),73
1327,C(OC6OC(C(=O)O)C(O),73
1328,C(=O)O[C@H]1,73
1329,=N/,73
1330,1O,73
1331,c2c(n,72
1332,c2)ccc1O,72
1333,c(-c2ccc(O)cc2),72
1334,OC[C@H]3O[C@@H](,72
1335,OC[C@@H](O)COP(=O)(O)O,72
1336,OCC(O)C(O)C7O),72
1337,O=c1cc,72
1338,C[C@H](NC(=O),72
1339,CCC3(C)C(,72
1340,CC1=C2,72
1341,CC(=,72
1342,C2(C)C,72
1343,C1O)NC(=O),72
1344,Cc2cc,72
1345,oc3cc(O)cc(O)c3c2=O),71
1346,ccc12,71
1347,c5c4,71
1348,c(OC)c1,71
1349,c(O)c2,71
1350,OC(C(=O)O)C(O)C(O),71
1351,N[C@H]1,71
1352,CCCN1C(=O),71
1353,CC1=O,71
1354,CC(O)(,71
1355,C2C1,71
1356,C(=O)OC[C@@H](COC(=O)CCCCCCCC,71
1357,5CC35,71
1358,c1c(O)cc,70
1359,[nH]c(=O),70
1360,[C@@]2(C),70
1361,I)c(,70
1362,C[C@]2,70
1363,COc1ccc(-c2cc,70
1364,COc1cc2c(,70
1365,COC1OC(CO)C(O)C(O)C1O,70
1366,CC[C@@]21C)[C@@]1(C)CC,70
1367,CCCCCCCCCCCCCCCCCCCC(=O),70
1368,CCCCCC/C=C\,70
1369,CCCC(C)C),70
1370,CCC(N),70
1371,CC[C@@H](,70
1372,C=C(\C),70
1373,C(C)(C)CC(O),70
1374,c2c(O)cc,69
1375,S(C)(=O)=O),69
1376,O=C(/C=C/c1ccc(O)c(O)c1),69
1377,O2)O1,69
1378,Cc1ccc(O)cc,69
1379,CCC(C)C1CCC2C3,69
1380,(C)CCC2,69
1381,oc3c2),68
1382,c3ccccc23),68
1383,c1cc(OC),68
1384,c1ccc(O)c(O)c1,68
1385,O[C@@H]1O[C@H](CO)[C@@H](O[C@@H]2O[C@H](CO)[C@H](O[C@@H]3O[C@H](CO)[C@H](O)[C@H](O)[C@H]3CC(C)=O),68
1386,O[C@@H](CO)COC(=O)CCCCCCCC,68
1387,OC2=O),68
1388,COc1cc(-c2o,68
1389,CCCCCCCC(=O)O,68
1390,C=CC1=C(C),68
1391,C=C1CCC2,68
1392,C(O)C(=O)N,68
1393,C(Cl),68
1394,(C#N),68
1395,c[n+],67
1396,[nH]1,67
1397,[C@H](O)[C@@H]1O,67
1398,S(=O)(=O)N,67
1399,OC8,67
1400,O=P([O-])([O-]),67
1401,CCSC(=O),67
1402,CCCCCCCCCCCCCC(=O),67
1403,CC(C)C,67
1404,C(O)C(O)C1O),67
1405,C(=O)OC),67
1406,[Si,66
1407,S1,66
1408,O.O.O.O.,66
1409,COc1ccc2c(c1),66
1410,CCC5(C)C4CCC3(C)C1C2C,66
1411,C=C1C(=O)OC2,66
1412,C2(O),66
1413,C(C)(C)C3,66
1414,C(=S),66
1415,C[N+],66
1416,1)C(=O)O,66
1417,(O)(=S),66
1418,(C(=O)OC3OC(CO)C(O)C(O)C3O),66
1419,c2ccccc12,65
1420,c-2,65
1421,[C@H]1CC[C@H]2[C@H]3,65
1422,[C@@]4,65
1423,[C@@H](O)C[C@H]1,65
1424,O[C@H](COC(=O)CCCC=CCC=CCC=,65
1425,COc1cc(-c2cc,65
1426,C2OC(=O),65
1427,C(OC7OC(CO)C(O)C(O)C7O),65
1428,(C3,65
1429,oc4,64
1430,cc(O)c(O)c3O),64
1431,c5ccc(O)cc,64
1432,c3c(cc(O)c(O)c3O),64
1433,c1ccc(OC),64
1434,c(O)cc(O)cc4,64
1435,[C@H]3NC(C)=O),64
1436,[C@H](O)[C@H](O)[C@H]1O,64
1437,OCC(=O),64
1438,O[C@H]4,64
1439,C[C@]1,64
1440,CCCC=CCCCCCCCC,64
1441,CCC21C),64
1442,C6O)C(C)(C)C5CCC43C)C2C1,64
1443,.[K,64
1444,oc(-,63
1445,c34),63
1446,c(O)c3,63
1447,[C@@H](OC(=O),63
1448,O=C(O)C1,63
1449,CCCCCC=CCC=CCCCCCCCC(=O)OC[C@H](COP(=O)(O),63
1450,CCCCC2),63
1451,CC(O)C4,63
1452,CC(C(=O)O),63
1453,C5CCC4(C)C3,63
1454,C4(C)C),63
1455,C/C1=C,63
1456,C(=O)O[C@H](COC(=O)CCCCCCCCCCCC,63
1457,CS(=O)(=O),63
1458,=CCCCCCCCC)COP(=O)([O-])OCC[N+](C)(C)C,63
1459,+3],63
1460,cs1,62
1461,c4ccc(,62
1462,c3ccc(O)cc3,62
1463,c1ccc(F)cc,62
1464,c1c[nH]c2ccccc12),62
1465,c(CC=C(C)C),62
1466,[Si],62
1467,[C@@H](CO)O,62
1468,P(O)(=S),62
1469,O[C@H]1C(O)C(O)C(O)[C@@H](O)C1O,62
1470,OC[C@H]1O[C@H](,62
1471,O=C(O[C@@H]1,62
1472,O)C(=O)O,62
1473,Oc2ccc(,62
1474,CC[C@]12C,62
1475,CCC(=O)O)C(=O)O),62
1476,C1O)OC(=O)CCCCCCCCCCCCCCC,62
1477,C(O)C(,62
1478,C(C)OC(,62
1479,C(=N\,62
1480,C(CC,62
1481,Cc1cccc,62
1482,3)n,62
1483,-].[OH,62
1484,c4ccc(O)cc4,61
1485,c2c(O)cc(O)cc2,61
1486,].[O-2].[O-2,61
1487,[C@H](C)CC,61
1488,SCCNC(=O)CCNC(=O)[C@H](O)C(C)(C),61
1489,SC1,61
1490,O[C@@H]3O[C@H](CO)[C@@H](O)[C@H](O)[C@H]3O),61
1491,OC3=O),61
1492,CSS,61
1493,COc1cc(O)c2c(=O),61
1494,CN1C(=O),61
1495,CC12C,61
1496,C=C[C@],61
1497,C=C4,61
1498,C1CC3,56
1499,C(C)(,61
1500,=CCC4,61
1501,/C=C/C(C)=C/C=C/C(C)=C/C=C/C=C(C)/C=C/,61
1502,c5),60
1503,c4ccccc4),60
1504,c2)cc1,60
1505,c1nc(C),60
1506,c1cccc(-,60
1507,c1ccco1,60
1508,c(OC)cc3,60
1509,[Na+].[Na+],60
1510,[C@H]4O)[C@H]3CC(C)=O)[C@H](O[C@]3(C(=O)O)C[C@H](O)[C@@H](NC(C)=O)C([C@H](O)[C@@H](CO)O[C@]4(C(=O)O)C[C@H](O)[C@@H](NC(C)=O)C([C@H](O)[C@H](O)CO)O4)O3)[C@H]2O)[C@H](O)[C@H]1,60
1511,[C@H]4O)[C@H]3CC(C)=O)[C@H](O[C@]3(C(=O)O)C[C@H](O)[C@@H](NC(C)=O)C([C@H](O)[C@@H](CO)O[C@]4(C(=O)O)C[C@H](O)[C@@H](NC(C)=O)C([C@H](O)[C@@H](CO)O[C@]5(C(=O)O)C[C@H](O)[C@@H](NC(C)=O)C([C@H](O)[C@H](O)CO)O5)O4)O3)[C@H]2O)[C@H](O)[C@H]1,60
1512,[C@H](O[C@]3(C(=O)O)C[C@H](O)[C@@H](NC(C)=O)C([C@H](O)[C@@H](CO)O[C@]4(C(=O)O)C[C@H](O)[C@@H](NC(C)=O)C([C@H](O)[C@@H](CO)O[C@]5(C(=O)O)C[C@H](O)[C@@H](NC(C)=O)C([C@H](O)[C@H](O)CO)O5)O4)O3)[C@H]2O)[C@H](O)[C@H]1,60
1513,P(=O)(O)O,60
1514,OP(=O)([O-])[O-],60
1515,OC2CC3C4,60
1516,C[C@H](O)[C@@H](C,60
1517,CC[C@]2(C),60
1518,CCCC(C)=CCCC(C)=CCCC(C)=CCCC(C)=,60
1519,CC=C4C[C@@H](O),60
1520,C=N,60
1521,C(N)=O,60
1522,C(C)(C=O),60
1523,=C3,60
1524,1(C),60
1525,oc2cc(,59
1526,ccc(=O)o,59
1527,c2c(O),59
1528,c(Cl)c(Cl),59
1529,[C@@H](O)[C@H](O)[C@H]2O),59
1530,[C@@H](O)[C@H](,59
1531,[C@@H](C)O),59
1532,OC(CO)C(O)C(O)C8O),59
1533,O=S(=O)([O-]),59
1534,O)cc1,59
1535,COc1cc(OC),59
1536,CCCN2C(=O),59
1537,CCCCCC=CCC=CCC=CCCCCCCC(=O)O[C@H](COC(=O)CCCCCCCC,59
1538,CCC(C)(O),59
1539,CC=CCC=CCCCCC,59
1540,/C=C(/,59
1541,+3].[,59
1542,(c2ccccc2),59
1543,c(O)c12,58
1544,\C=C\C=C(C)\C=C\,58
1545,SCCNC(=O)CCNC(=O)C(O)C(C)(C)COP(=O)(O)OP(=O)(O)OC[C@H]1O[C@@H](n2cnc3c(N)ncnc32)[C@H](O)[C@@H]1OP(=O)(O)O,58
1546,OC(=O)CCCC=CCC=CCC=CCC=CCCCCC,58
1547,OC[C@H](N)C(=O)O),58
1548,OCO3),58
1549,O=C(O)[C@H]1,58
1550,COP(=O)(O)O),58
1551,CN(C)CC,58
1552,CCCCN,58
1553,CCC=CCC=CCC=CCC=CCCCCCCC(=O),58
1554,CCC=CCC=CCC=CCCCCC,58
1555,CC2(C),58
1556,C(O)CO),58
1557,C[C@@H](C,58
1558,/C=C/C=C\,58
1559,cc12,57
1560,c3ccccc3)cc,57
1561,c2cc3c(,57
1562,c(=O)n,57
1563,c(-c2ccc(O)c(O)c2),57
1564,[NH3,57
1565,[C@H](Cc1ccccc1),57
1566,OC(C)C(O)C(O)C7O),57
1567,OC(c1ccc(O)c(O)c1),57
1568,CO2,57
1569,CO.,57
1570,CC1(C)C),57
1571,CC(C)CCC[C@@H](C),57
1572,C=C1\,57
1573,C(O)C(O)C2O)C(O)C(O)C1O,57
1574,C[N+](C)(C)C,57
1575,(C(=O)OC3OC(CO)C(O)C(O)C3O)CCC3(C)C(=CCC4C5(C)CC,57
1576,oc4cc(O)cc(O),56
1577,c4cc5,56
1578,c3cccc(,56
1579,c1C(=O),56
1580,c(O)c(OC)c3),56
1581,c(=O)[nH]c1=O,56
1582,\C=C\C(C)=C,56
1583,[N+](=O)[O-],56
1584,O[C@H](c1ccc(O)c(O)c1)[C@H](O),56
1585,O[C@H](CO)[C@@H](O)[C@H](O)[C@H]4O),56
1586,OCC(O)(CO),56
1587,OCC(,56
1588,CO[C@H]1,56
1589,CC[C@@H]1[C@@H]2,56
1590,CCCCC/C=C/,56
1591,CCC=CCC=CCC=CCC=CCC=CCC=CCCC(=O)O[C@H](COC(=O)CCCCCCCC,56
1592,CCC12C)C(C)C,56
1593,C=C(/C),56
1594,C2(C)C3,56
1595,C1CC(=O),56
1596,C(=O)CO,56
1597,C(O,56
1598,+]),56
1599,n(-,55
1600,c2ncn(,55
1601,c2cccc(O),55
1602,c2co,55
1603,[C@@]5,55
1604,O[C@H]1C(O)C(O)C(OP(=O)(O)O)[C@@H](OP(=O)(O)O)C1O,55
1605,OP(=O)([O-])OCC[N+](C)(C)C)OC=CCCCCCCC,55
1606,OCC(O)C(O)C2O),55
1607,OC2=O)O1,55
1608,OC2OC(C,55
1609,Cc1cn(,55
1610,CCCCCCCCCCCC(=O),55
1611,CCCCC/C=C\C/C=C\,55
1612,CCCC(O),55
1613,CCC=CCC=CCC=CCC=CCCCCCCC(=O)O[C@H](COC(=O)CCCCCCCC,55
1614,CC3(C)C(=CCC4C5(C)CC,55
1615,CC(CO),55
1616,C3(C),55
1617,C)C1(C)CC,55
1618,C(OC2OC(CO)C(O)C(O)C2O),55
1619,=CCCCCCCCC)COP(=O)(O)OCCN,55
1620,/N=N/,55
1621,c2c([nH],54
1622,c1ccc(N,54
1623,c1ccc(C),54
1624,[C@@H]1CCCN1C(=O),54
1625,SC1OC(CO)C(O)C(O)C1O,54
1626,OC(C)C(O)C(O)C2O),54
1627,OC(C)(C)C=C,54
1628,Oc2cc(,54
1629,O3,54
1630,CC[C@H]2[C@@H]3CCC4=CC(=O),54
1631,CC[C@@]3(C),54
1632,CCN(C,54
1633,CCC6(C),54
1634,CCC(C)C1CCC2(C)C3,54
1635,CC(C)(COP(=O)(O)OP(=O)(O),54
1636,C=CC(O),54
1637,C(OC6OC(C(=O)O)C(O)C(O),54
1638,C(O)CC5,54
1639,C(C)(C)C(O),54
1640,C[C@@H]3,54
1641,(C)CC2,54
1642,c4c(=O),53
1643,c3cc(O)cc(O)c3cc2,53
1644,c3cc(O)cc(O)c3,53
1645,c1c[nH],53
1646,[Ca+2],53
1647,[C@@H](O)[C@@H]1,53
1648,OC[C@H]3O[C@@H](n4cnc5,53
1649,NC1,53
1650,CC(=O)N1,53
1651,C7OC7OC(CO)C(O)C(O)C7O),53
1652,C1OC(=O),53
1653,C(OC6OC(C(=O)O)C(O)C(OC7,53
1654,C(=O)N(C),53
1655,C(=O)O[C@H](COC=CCCCCCCC,53
1656,C[C@H](C,53
1657,(C)C4CCC3(C),53
1658,c2ccccc2)cc,52
1659,c(O)c(O)c(O),52
1660,c(N)nc2=O),52
1661,[C@H]6O),52
1662,[C@H](O)CO),52
1663,[C@H](C(=O)O),52
1664,O[C@H](CO)[C@@H](O)[C@@H]1O,52
1665,OCC(O)COP(=O)(O)OC[C@@H](COC(=O)CCCCCCCC=CCC=CCCCCC),52
1666,Cc1c(,52
1667,COc1ccc(-c2o,52
1668,CO1,52
1669,CCC(=O)NCCSC(=O),52
1670,CC1OC(OCC2OC(,52
1671,CC1O,52
1672,CC(=O)OCC1OC(,52
1673,CC(CCC1,52
1674,CCc1ccccc1),52
1675,C=CC(C)(,52
1676,C(=O)OC[C@@H](O),52
1677,=CCCCCCCCC)COP(=O)(O),52
1678,2)c1,52
1679,-].[OH-].[OH,52
1680,oc4cc(O)cc(O)c4c3=O),51
1681,cc2)cc1,51
1682,c5cccc,51
1683,c(O)c(CC=C(C)C),51
1684,c(C#N),51
1685,[C@H](O[C@]3(C(=O)O)C[C@H](O)[C@@H](NC(C)=O)C([C@H](O)[C@H](O)CO)O3)[C@H]2O)[C@H](O)[C@H]1O)[C@H](O)CCCCCCCCCCCCCCC,51
1686,OC(=O)CCCCC=CCC=CCC=,51
1687,Nc1ncnc2c1ncn2[C@@H]1O[C@H](C,51
1688,Nc1nc(=O),51
1689,CC[C@H]3[C@@H]1,51
1690,CCCCCCCCC=CCCCCCCCCC,51
1691,CCCCCC=CCC=CCCCCCCCC(=O)O[C@H](COC(=O)CCCCCCCC,51
1692,CCC45CC35,51
1693,CC(O)C(,51
1694,CC(C)(COP(=O)(O)OP(=O)(O)OC[C@H]1O[C@@H](n2cnc3c(N)ncnc32)[C@H](O)[C@@H]1,51
1695,C2OC2,51
1696,C2C(,51
1697,C(O)C(C)(CO),51
1698,C#N),51
1699,nc2,50
1700,c4-,50
1701,c1ccccc1O,50
1702,c1C2=O,50
1703,c(O)cc2o,50
1704,[C@]12,50
1705,[C@H](O[C@]3(C(=O)O)C[C@H](O)[C@@H](NC(C)=O)C([C@H](O)[C@@H](CO)O[C@]4(C(=O)O)C[C@H](O)[C@@H](NC(C)=O)C([C@H](O)[C@H](O)CO)O4)O3)[C@H]2O)[C@H](O)[C@H]1,50
1706,Oc2c(-c3ccc(O)cc3),50
1707,O[C@@H]4O[C@H](CO)[C@@H](O)[C@H](O)[C@H]4O),50
1708,OC(CO)C(O)C3O),50
1709,OC(CO)C(O)C(OC8,50
1710,NC(=O)[C@@H](,50
1711,CC[C@]4(C)C3CC[C@@]21C),50
1712,CC[C@]3(C),50
1713,CCCCCCC=CCCCCCCCCCC(=O)O[C@H](COC(=O)CCCCCCCC,50
1714,CCCCCC=CCC=CCC=CCCCCCCC(=O),50
1715,CCCC(,50
1716,CCC[C@H](C),50
1717,CC=C(C)C,50
1718,CC(=O)[O-])C[N+](C)(C)C,50
1719,C4=CC(=O),50
1720,C(=O)NC(,50
1721,(N,50
